User,Game,Duration,Start,End,Date
student1,RobloxPlayerBeta.exe,45,2026-03-18 14:11:34,2026-03-18 14:56:34,2026-03-18 14:11
student1,Minecraft.exe,30,2026-03-17 15:11:34,2026-03-17 15:41:34,2026-03-17 15:11
student2,valorant.exe,60,2026-03-16 13:11:34,2026-03-16 14:11:34,2026-03-16 13:11
student1,valorant.exe,85,2026-03-18 19:00:00,2026-03-18 20:25:00,2026-03-18 19:00
student1,Minecraft.exe,120,2026-03-17 21:15:00,2026-03-17 23:15:00,2026-03-17 21:15
student1,valorant.exe,50,2026-03-16 16:30:00,2026-03-16 17:20:00,2026-03-16 16:30
student1,Minecraft.exe,40,2026-03-15 14:00:00,2026-03-15 14:40:00,2026-03-15 14:00
student2,RobloxPlayerBeta.exe,65,2026-03-14 11:10:00,2026-03-14 12:15:00,2026-03-14 11:10student2,HD-Player.exe,1,2026-03-27 20:17:02,2026-03-27 20:18:42,2026-03-27 20:18
student2,RobloxPlayerBeta.exe,0,2026-03-27 20:42:05,2026-03-27 20:42:38,2026-03-27 20:42
student2,HD-Player.exe,1,2026-03-27 20:43:07,2026-03-27 20:44:35,2026-03-27 20:44
student2,HD-Player.exe,1,2026-03-27 20:44:54,2026-03-27 20:46:11,2026-03-27 20:46
student2,RobloxPlayerBeta.exe,0,2026-03-28 08:59:23,2026-03-28 09:00:06,2026-03-28 09:00
student2,RobloxPlayerBeta.exe,0,2026-03-28 09:00:37,2026-03-28 09:00:47,2026-03-28 09:00
student1,RobloxPlayerBeta.exe,0,2026-03-28 09:06:55,2026-03-28 09:07:19,2026-03-28 09:07
student1,HD-Player.exe,5,2026-03-28 09:08:05,2026-03-28 09:13:16,2026-03-28 09:13
student1,RobloxPlayerBeta.exe,5,2026-03-28 09:13:57,2026-03-28 09:19:43,2026-03-28 09:19
student1,plato.exe,4,2026-03-28 09:20:18,2026-03-28 09:24:48,2026-03-28 09:24
student1,HD-Player.exe,2,2026-03-28 09:25:02,2026-03-28 09:27:50,2026-03-28 09:27
